ticker,cancellation_rate,date
AAL,0.019619045145876885,2019-01-01
ALK,0.020680678750482066,2019-01-01
DAL,0.004442277479820142,2019-01-01
LUV,0.03547685784102343,2019-01-01
UAL,0.014856655653842055,2019-01-01
AAL,0.012102618950449626,2019-02-01
ALK,0.045932310279587975,2019-02-01
DAL,0.0009504432926919821,2019-02-01
LUV,0.04601005025125628,2019-02-01
UAL,0.004803073967339097,2019-02-01
AAL,0.021480250415484774,2019-03-01
ALK,0.012307550474785656,2019-03-01
DAL,0.0007837735132053961,2019-03-01
LUV,0.04433353152504334,2019-03-01
UAL,0.012003504128534417,2019-03-01
AAL,0.03431251221259689,2019-04-01
ALK,0.007699530516431925,2019-04-01
DAL,0.001781595870602448,2019-04-01
LUV,0.0402856127763191,2019-04-01
UAL,0.010116270175170198,2019-04-01
AAL,0.03394313422966718,2019-05-01
ALK,0.0051402490362033055,2019-05-01
DAL,0.0,2019-05-01
LUV,0.03512969987017285,2019-05-01
UAL,0.006990434142752024,2019-05-01
AAL,0.04583593457360469,2019-06-01
ALK,0.008852219500666066,2019-06-01
DAL,0.0019118488838008013,2019-06-01
LUV,0.02025813059290184,2019-06-01
UAL,0.006250577901063338,2019-06-01
AAL,0.03122211219911737,2019-07-01
ALK,0.005652014800959623,2019-07-01
DAL,0.0039091749988988235,2019-07-01
LUV,0.013524157463424445,2019-07-01
UAL,0.013046732969735858,2019-07-01
AAL,0.02260276457569931,2019-08-01
ALK,0.009235255994815296,2019-08-01
DAL,0.0023663971603234074,2019-08-01
LUV,0.01320735286545492,2019-08-01
UAL,0.009195524963093397,2019-08-01
AAL,0.01455004313508363,2019-09-01
ALK,0.005382527487693794,2019-09-01
DAL,0.004978897791913879,2019-09-01
LUV,0.016306985176300394,2019-09-01
UAL,0.015032390765267873,2019-09-01
AAL,0.010700004936565139,2019-10-01
ALK,0.0054519239434081285,2019-10-01
DAL,0.0001158453233242974,2019-10-01
LUV,0.012140986562486585,2019-10-01
UAL,0.0027417656244325818,2019-10-01
AAL,0.004989299435319599,2019-11-01
ALK,0.008330556481172943,2019-11-01
DAL,0.0007120905479349374,2019-11-01
LUV,0.010396646715355189,2019-11-01
UAL,0.005280988441610204,2019-11-01
AAL,0.0022290787733769916,2019-12-01
ALK,0.010958032101123085,2019-12-01
DAL,0.00031892448849418575,2019-12-01
LUV,0.010433232554481746,2019-12-01
UAL,0.0027100271002710027,2019-12-01
AAL,0.008980544338979496,2020-01-01
ALK,0.012884888678351492,2020-01-01
DAL,0.0005120711404198984,2020-01-01
LUV,0.01750022774892958,2020-01-01
UAL,0.006136236854610442,2020-01-01
AAL,0.010013535537692329,2020-02-01
ALK,0.009018703561363054,2020-02-01
DAL,0.00023858123691116825,2020-02-01
LUV,0.010917395969718746,2020-02-01
UAL,0.002032696133552461,2020-02-01
AAL,0.19024025893190588,2020-03-01
ALK,0.13802619270346117,2020-03-01
DAL,0.2277989593352725,2020-03-01
LUV,0.17029025872190182,2020-03-01
UAL,0.2296340352768433,2020-03-01
AAL,0.3912468721967801,2020-04-01
ALK,0.2391012743125419,2020-04-01
DAL,0.265133451272979,2020-04-01
LUV,0.5161717640575656,2020-04-01
UAL,0.4973063973063973,2020-04-01
AAL,0.0009587289992695398,2020-05-01
ALK,0.00888180368936461,2020-05-01
DAL,0.0013567720622935347,2020-05-01
LUV,0.059474717180849894,2020-05-01
UAL,0.02107172760256768,2020-05-01
AAL,0.0002957048865232498,2020-06-01
ALK,0.018453021682300477,2020-06-01
DAL,0.000457351932311914,2020-06-01
LUV,0.002694742119446011,2020-06-01
UAL,0.0006858710562414266,2020-06-01
AAL,0.006650635818114859,2020-07-01
ALK,0.008354000783187574,2020-07-01
DAL,0.012852504762671389,2020-07-01
LUV,0.0069135563720750335,2020-07-01
UAL,0.003940426100313898,2020-07-01
AAL,0.004230136518042173,2020-08-01
ALK,0.004682135053584434,2020-08-01
DAL,0.0024021239833115597,2020-08-01
LUV,0.012399372959466309,2020-08-01
UAL,0.013316071758831144,2020-08-01
AAL,0.0043455901259964,2020-09-01
ALK,0.006325832209893187,2020-09-01
DAL,0.0017146853777948244,2020-09-01
LUV,0.006983086114219959,2020-09-01
UAL,0.0030719295195038546,2020-09-01
AAL,0.0009349473477019978,2020-10-01
ALK,0.0036537380550871277,2020-10-01
DAL,0.0009834313201496526,2020-10-01
LUV,0.0032604795557011593,2020-10-01
UAL,0.0023739878757047775,2020-10-01
AAL,0.0011694386694386695,2020-11-01
ALK,0.011517741036596692,2020-11-01
DAL,0.01714865550481989,2020-11-01
LUV,0.0064637375779492585,2020-11-01
UAL,0.0023594668432817285,2020-11-01
AAL,0.005455112219451372,2020-12-01
ALK,0.014898255813953489,2020-12-01
DAL,0.011462594677791729,2020-12-01
LUV,0.009869136800223804,2020-12-01
UAL,0.012204541943457438,2020-12-01
AAL,0.006749332914770052,2021-01-01
ALK,0.007056831012420023,2021-01-01
DAL,0.001907170546653123,2021-01-01
LUV,0.011042784673854535,2021-01-01
UAL,0.0067612687813021705,2021-01-01
AAL,0.062470808033629144,2021-02-01
ALK,0.060571428571428575,2021-02-01
DAL,0.01984544332159678,2021-02-01
LUV,0.07281967648341646,2021-02-01
UAL,0.04905745062836625,2021-02-01
AAL,0.006212222968435191,2021-03-01
ALK,0.01575941091459638,2021-03-01
DAL,0.002685476940704669,2021-03-01
LUV,0.02211631543674138,2021-03-01
UAL,0.025150279831410213,2021-03-01
AAL,0.006423860051620304,2021-04-01
ALK,0.008660011899252992,2021-04-01
DAL,0.006252252252252252,2021-04-01
LUV,0.006118151346367114,2021-04-01
UAL,0.0016914384424371108,2021-04-01
AAL,0.009945602306986498,2021-05-01
ALK,0.002250140633789612,2021-05-01
DAL,0.00011453816575308844,2021-05-01
LUV,0.0029443438810347593,2021-05-01
UAL,0.0020673837904189685,2021-05-01
AAL,0.03407832334649135,2021-06-01
ALK,0.014554239585174709,2021-06-01
DAL,0.0001821438329133906,2021-06-01
LUV,0.03298420817602403,2021-06-01
UAL,0.0018456375838926174,2021-06-01
AAL,0.0167614609744398,2021-07-01
ALK,0.006850892343120322,2021-07-01
DAL,0.0008999742864489586,2021-07-01
LUV,0.01659355881334411,2021-07-01
UAL,0.01348831856370123,2021-07-01
AAL,0.0483425226329045,2021-08-01
ALK,0.006707657909446618,2021-08-01
DAL,0.0015993659151062234,2021-08-01
LUV,0.034394014771727065,2021-08-01
UAL,0.01402881715626047,2021-08-01
AAL,0.011231798271575708,2021-09-01
ALK,0.007282945291891272,2021-09-01
DAL,0.004364098998476264,2021-09-01
LUV,0.023871590139370676,2021-09-01
UAL,0.014248092376257682,2021-09-01
AAL,0.04209927078532896,2021-10-01
ALK,0.010701479157328553,2021-10-01
DAL,0.0004963271788763153,2021-10-01
LUV,0.03845111326234269,2021-10-01
UAL,0.005318592038863413,2021-10-01
AAL,0.018475338783123938,2021-11-01
ALK,0.014029479666133902,2021-11-01
DAL,0.00019897386336180554,2021-11-01
LUV,0.005030904125341383,2021-11-01
UAL,0.005062272303651614,2021-11-01
AAL,0.006334929828469592,2021-12-01
ALK,0.0601717500740302,2021-12-01
DAL,0.02385572756321403,2021-12-01
LUV,0.011300711944852526,2021-12-01
UAL,0.03243777880947094,2021-12-01
AAL,0.04234870317002882,2022-01-01
ALK,0.07668137047555744,2022-01-01
DAL,0.032437683975465106,2022-01-01
LUV,0.06617677244550269,2022-01-01
UAL,0.06353162370739598,2022-01-01
AAL,0.08266144572741148,2022-02-01
ALK,0.015216982904377232,2022-02-01
DAL,0.014214006852043663,2022-02-01
LUV,0.04154345077777167,2022-02-01
UAL,0.02016734118503024,2022-02-01
AAL,0.01080489447687472,2022-03-01
ALK,0.01315719384222021,2022-03-01
DAL,0.005785102035400579,2022-03-01
LUV,0.019745468569224836,2022-03-01
UAL,0.004293620625135407,2022-03-01
AAL,0.020096163865608765,2022-04-01
ALK,0.054645937709829034,2022-04-01
DAL,0.011152772456073129,2022-04-01
LUV,0.018857292749511808,2022-04-01
UAL,0.009847315845041825,2022-04-01
AAL,0.016105621615586447,2022-05-01
ALK,0.03380382530428557,2022-05-01
DAL,0.029187418086500657,2022-05-01
LUV,0.007488868523609838,2022-05-01
UAL,0.018733922380046973,2022-05-01
AAL,0.06285760012803585,2022-06-01
ALK,0.008458000740075064,2022-06-01
DAL,0.038315970190019116,2022-06-01
LUV,0.011675465306931407,2022-06-01
UAL,0.032915921288014315,2022-06-01
AAL,0.031952384681650875,2022-07-01
ALK,0.004905086574778045,2022-07-01
DAL,0.010004189571774982,2022-07-01
LUV,0.015639319778690472,2022-07-01
UAL,0.014862186993334534,2022-07-01
AAL,0.04215659989531068,2022-08-01
ALK,0.006532124402846836,2022-08-01
DAL,0.007270601095674501,2022-08-01
LUV,0.026554180790485243,2022-08-01
UAL,0.021668669652937105,2022-08-01
AAL,0.018044342274722687,2022-09-01
ALK,0.009506953223767383,2022-09-01
DAL,0.009965222043873729,2022-09-01
LUV,0.017640779290098746,2022-09-01
UAL,0.010885583479063918,2022-09-01
AAL,0.007448357624257419,2022-10-01
ALK,0.0050903537795876815,2022-10-01
DAL,0.004277047389685078,2022-10-01
LUV,0.011749055956059046,2022-10-01
UAL,0.0050977962651562085,2022-10-01
AAL,0.01083838493180342,2022-11-01
ALK,0.01712528497958751,2022-11-01
DAL,0.006366404365534422,2022-11-01
LUV,0.008832841620493631,2022-11-01
UAL,0.0066987960774827415,2022-11-01
AAL,0.015417142707061156,2022-12-01
ALK,0.08640868569151851,2022-12-01
DAL,0.024428871204022647,2022-12-01
LUV,0.1462629808395495,2022-12-01
UAL,0.024307992536419194,2022-12-01
AAL,0.018893585247803303,2023-01-01
ALK,0.01414069996464825,2023-01-01
DAL,0.007795248357144758,2023-01-01
LUV,0.028764564617984524,2023-01-01
UAL,0.007324778932876785,2023-01-01
AAL,0.020297661630826636,2023-02-01
ALK,0.03198794171830514,2023-02-01
DAL,0.013998149005090235,2023-02-01
LUV,0.021122665221033957,2023-02-01
UAL,0.0074520671060515275,2023-02-01
AAL,0.010914173178324122,2023-03-01
ALK,0.010212765957446808,2023-03-01
DAL,0.01919290744163013,2023-03-01
LUV,0.009457867572904396,2023-03-01
UAL,0.006543270011365482,2023-03-01
AAL,0.016030841521826607,2023-04-01
ALK,0.011239973432790068,2023-04-01
DAL,0.02289667206780506,2023-04-01
LUV,0.01077225605023028,2023-04-01
UAL,0.01649045699157308,2023-04-01
AAL,0.005026196385149532,2023-05-01
ALK,0.0038273339469986917,2023-05-01
DAL,0.0049373068589493125,2023-05-01
LUV,0.005084842598411701,2023-05-01
UAL,0.008180943214629451,2023-05-01
AAL,0.011863310783923598,2023-06-01
ALK,0.0037024886347658994,2023-06-01
DAL,0.014535255850760511,2023-06-01
LUV,0.00593705713159638,2023-06-01
UAL,0.05303309560060902,2023-06-01
AAL,0.016214327876356713,2023-07-01
ALK,0.0049245921822099106,2023-07-01
DAL,0.015075040946618979,2023-07-01
LUV,0.009417327566439206,2023-07-01
UAL,0.03749115411833482,2023-07-01
AAL,0.014068132977911388,2023-08-01
ALK,0.003525724732306085,2023-08-01
DAL,0.016944204273667426,2023-08-01
LUV,0.016424751718869365,2023-08-01
UAL,0.012185446325653807,2023-08-01
AAL,0.008314711843267682,2023-09-01
ALK,0.004060487258471017,2023-09-01
DAL,0.005116216447779097,2023-09-01
LUV,0.00559938915754645,2023-09-01
UAL,0.012142320780942947,2023-09-01
AAL,0.005335365853658537,2023-10-01
ALK,0.002363833349748843,2023-10-01
DAL,0.0006677053193857111,2023-10-01
LUV,0.002231934550657915,2023-10-01
UAL,0.002018331916960058,2023-10-01
AAL,0.0001439658670017145,2023-11-01
ALK,0.004466372370812776,2023-11-01
DAL,0.000136895946635471,2023-11-01
LUV,0.0019918204749348983,2023-11-01
UAL,0.0010535951776430557,2023-11-01
AAL,0.00047740292807129216,2023-12-01
ALK,0.006597938144329897,2023-12-01
DAL,0.00027153118905976154,2023-12-01
LUV,0.006308061953620874,2023-12-01
UAL,0.001286678697947998,2023-12-01
AAL,0.016135288185555815,2024-01-01
ALK,0.17547116736990154,2024-01-01
DAL,0.006426113142611314,2024-01-01
LUV,0.03090415897529227,2024-01-01
UAL,0.08009514909523405,2024-01-01
AAL,0.0016695605716575397,2024-02-01
ALK,0.008124295795528673,2024-02-01
DAL,0.001362015220871128,2024-02-01
LUV,0.004429363065195282,2024-02-01
UAL,0.00589435901045149,2024-02-01
AAL,0.010843798247000328,2024-03-01
ALK,0.007281429808035032,2024-03-01
DAL,0.0013427202787051821,2024-03-01
LUV,0.009339676863145794,2024-03-01
UAL,0.005128679018620339,2024-03-01
AAL,0.009690208825847124,2024-04-01
ALK,0.0055584148224395264,2024-04-01
DAL,0.0014128387190262281,2024-04-01
LUV,0.003997379311488734,2024-04-01
UAL,0.0056516610969137016,2024-04-01
AAL,0.03463378090243762,2024-05-01
ALK,0.005504069247777203,2024-05-01
DAL,0.0018442877994139012,2024-05-01
LUV,0.006759404388714733,2024-05-01
UAL,0.012048756156867636,2024-05-01
AAL,0.022691952653042146,2024-06-01
ALK,0.006902463231976901,2024-06-01
DAL,0.0021445012069836638,2024-06-01
LUV,0.0032790327660983548,2024-06-01
UAL,0.012395841599873026,2024-06-01
AAL,0.02500821148248406,2024-07-01
ALK,0.009211187405794675,2024-07-01
DAL,0.06558247378001214,2024-07-01
LUV,0.006651415678225036,2024-07-01
UAL,0.03745627300918076,2024-07-01
AAL,0.028628596023870734,2024-08-01
ALK,0.011218568665377175,2024-08-01
DAL,0.007931679148644313,2024-08-01
LUV,0.008501073197113353,2024-08-01
UAL,0.020200488330123296,2024-08-01
AAL,0.006765044790543805,2024-09-01
ALK,0.006497122702803044,2024-09-01
DAL,0.0039032467916494174,2024-09-01
LUV,0.0043798473716473735,2024-09-01
UAL,0.005310533856600012,2024-09-01
AAL,0.008823664931115515,2024-10-01
ALK,0.008486562942008486,2024-10-01
DAL,0.009048697621744055,2024-10-01
LUV,0.012964251872101701,2024-10-01
UAL,0.008055202257210941,2024-10-01
AAL,0.006396810714332244,2024-11-01
ALK,0.005908950775870928,2024-11-01
DAL,0.0002933088909257562,2024-11-01
LUV,0.003428337966622554,2024-11-01
UAL,0.002988314118997814,2024-11-01
AAL,0.010046695910570256,2024-12-01
ALK,0.00619164128426624,2024-12-01
DAL,0.0008044859094893316,2024-12-01
LUV,0.004936530324400564,2024-12-01
UAL,0.005169451819459628,2024-12-01
AAL,0.03731621564031536,2025-01-01
ALK,0.013378847106755493,2025-01-01
DAL,0.028005661415878173,2025-01-01
LUV,0.028640071410257626,2025-01-01
UAL,0.019175254406760527,2025-01-01
AAL,0.013237735417024443,2025-02-01
ALK,0.02157523751149249,2025-02-01
DAL,0.002299076163907308,2025-02-01
LUV,0.005558937713949241,2025-02-01
UAL,0.0031408343166516276,2025-02-01
AAL,0.015205486090917902,2025-03-01
ALK,0.006499339498018494,2025-03-01
DAL,0.004923834436067087,2025-03-01
LUV,0.008347490852064819,2025-03-01
UAL,0.0031644624891781353,2025-03-01
AAL,0.014320273276522289,2025-04-01
ALK,0.004204993429697766,2025-04-01
DAL,0.005107616287356868,2025-04-01
LUV,0.004973559368145415,2025-04-01
UAL,0.004342006972111553,2025-04-01
AAL,0.015199191853511838,2025-05-01
ALK,0.005562962622408165,2025-05-01
DAL,0.0021683290522734096,2025-05-01
LUV,0.005224547025096187,2025-05-01
UAL,0.008892887165041958,2025-05-01
AAL,0.024537866282677154,2025-06-01
ALK,0.0077072997873848335,2025-06-01
DAL,0.017240622462193544,2025-06-01
LUV,0.006179095694249191,2025-06-01
UAL,0.00657378927688318,2025-06-01
AAL,0.03368164640531803,2025-07-01
ALK,0.02167746305940133,2025-07-01
DAL,0.014032700444368848,2025-07-01
LUV,0.012770833167564472,2025-07-01
UAL,0.017452857224737776,2025-07-01
AAL,0.019307670071304683,2025-08-01
ALK,0.010750348189415043,2025-08-01
DAL,0.007606878301019786,2025-08-01
LUV,0.003798496319388049,2025-08-01
UAL,0.011443738578017578,2025-08-01
AAL,0.01206892091170155,2025-09-01
ALK,0.006362365643225527,2025-09-01
DAL,0.0010014727540500737,2025-09-01
LUV,0.002401210572575457,2025-09-01
UAL,0.002605477424130274,2025-09-01
AAL,0.006504217212779149,2025-10-01
ALK,0.020594078596695257,2025-10-01
DAL,0.0036516199207520784,2025-10-01
LUV,0.0025331447182287727,2025-10-01
UAL,0.0026745081565497444,2025-10-01
AAL,0.021185903128409407,2025-11-01
ALK,0.013061968408262455,2025-11-01
DAL,0.017034625628884286,2025-11-01
LUV,0.017290105144903367,2025-11-01
UAL,0.014889565308662337,2025-11-01
AAL,0.00492117356841433,2025-12-01
ALK,0.014548384039427542,2025-12-01
DAL,0.027496212076721597,2025-12-01
LUV,0.005538852424306585,2025-12-01
UAL,0.003947468306384271,2025-12-01
AAL,0.08927734069712916,2026-01-01
ALK,0.020161900438795583,2026-01-01
DAL,0.03940756079698982,2026-01-01
LUV,0.026249495202015347,2026-01-01
UAL,0.02375315532838933,2026-01-01
